ID,           FIRST_NAME,LAST_NAME ,       EMAIL,             BUSINESS_ID,      TITLE,SESSION_START_AT

323	Dush_Admin	 Sam	 sam@gmail.com	1	BUSINESS_ADMIN	5-21-2021
323	Dush_Admin	 Sam	 sam@gmail.com	1	BUSINESS_ADMIN	5-21-2021
<<<<<<< HEAD
323	Dush_Admin	 Sam	 sam@gmail.com	1	BUSINESS_ADMIN	5-21-2021
323	Dush_Admin	 Sam	 sam@gmail.com	1	BUSINESS_ADMIN	5-21-2021
323	Dush_Admin	 Sam	 sam@gmail.com	1	BUSINESS_ADMIN	5-21-2021
323	Dush_Admin	 Sam	 sam@gmail.com	1	BUSINESS_ADMIN	5-21-2021
323	Dush_Admin	 Sam	 sam@gmail.com	1	BUSINESS_ADMIN	5-21-2021
323	Dush_Admin	 Sam	 sam@gmail.com	1	BUSINESS_ADMIN	5-21-2021
323	Dush_Admin	 Sam	 sam@gmail.com	1	BUSINESS_ADMIN	5-21-2021
323	Dush_Admin	 Sam	 sam@gmail.com	1	BUSINESS_ADMIN	5-21-2021
323	Dush_Admin	 Sam	 sam@gmail.com	1	BUSINESS_ADMIN	5-21-2021
323	Dush_Admin	 Sam	 sam@gmail.com	1	BUSINESS_ADMIN	5-21-2021
323	Dush_Admin	 Sam	 sam@gmail.com	1	BUSINESS_ADMIN	5-21-2021
323	Dush_Admin	 Sam	 sam@gmail.com	1	BUSINESS_ADMIN	5-21-2021
323	Dush_Admin	 Sam	 sam@gmail.com	1	BUSINESS_ADMIN	5-21-2021
323	Dush_Admin	 Sam	 sam@gmail.com	1	BUSINESS_ADMIN	5-21-2021
323	Dush_Admin	 Sam	 sam@gmail.com	1	BUSINESS_ADMIN	5-21-2021
323	Dush_Admin	 Sam	 sam@gmail.com	1	BUSINESS_ADMIN	5-21-2021
323	Dush_Admin	 Sam	 sam@gmail.com	1	BUSINESS_ADMIN	5-21-2021
323	Dush_Admin	 Sam	 sam@gmail.com	1	BUSINESS_ADMIN	5-21-2021
323	Dush_Admin	 Sam	 sam@gmail.com	1	BUSINESS_ADMIN	5-21-2021
323	Dush_Admin	 Sam	 sam@gmail.com	1	BUSINESS_ADMIN	5-21-2021
323	Dush_Admin	 Sam	 sam@gmail.com	1	BUSINESS_ADMIN	5-21-2021
323	Dush_Admin	 Sam	 sam@gmail.com	1	BUSINESS_ADMIN	5-21-2021
323	Dush_Admin	 Sam	 sam@gmail.com	1	BUSINESS_ADMIN	5-21-2021
323	Dush_Admin	 Sam	 sam@gmail.com	1	BUSINESS_ADMIN	5-21-2021
323	Dush_Admin	 Sam	 sam@gmail.com	1	BUSINESS_ADMIN	5-21-2021
323	Dush_Admin	 Sam	 sam@gmail.com	1	BUSINESS_ADMIN	5-21-2021
323	Dush_Admin	 Sam	 sam@gmail.com	1	BUSINESS_ADMIN	5-21-2021
323	Dush_Admin	 Sam	 sam@gmail.com	1	BUSINESS_ADMIN	5-21-2021
323	Dush_Admin	 Sam	 sam@gmail.com	1	BUSINESS_ADMIN	5-21-2021
323	Dush_Admin	 Sam	 sam@gmail.com	1	BUSINESS_ADMIN	5-21-2021
323	Dush_Admin	 Sam	 sam@gmail.com	1	BUSINESS_ADMIN	5-21-2021
323	Dush_Admin	 Sam	 sam@gmail.com	1	BUSINESS_ADMIN	5-21-2021
323	Dush_Admin	 Sam	 sam@gmail.com	1	BUSINESS_ADMIN	5-21-2021
323	Dush_Admin	 Sam	 sam@gmail.com	1	BUSINESS_ADMIN	5-21-2021
323	Dush_Admin	 Sam	 sam@gmail.com	1	BUSINESS_ADMIN	5-21-2021
323	Dush_Admin	 Sam	 sam@gmail.com	1	BUSINESS_ADMIN	5-21-2021
323	Dush_Admin	 Sam	 sam@gmail.com	1	BUSINESS_ADMIN	5-21-2021
323	Dush_Admin	 Sam	 sam@gmail.com	1	BUSINESS_ADMIN	5-21-2021
323	Dush_Admin	 Sam	 sam@gmail.com	1	BUSINESS_ADMIN	5-21-2021
323	Dush_Admin	 Sam	 sam@gmail.com	1	BUSINESS_ADMIN	5-21-2021
323	Dush_Admin	 Sam	 sam@gmail.com	1	BUSINESS_ADMIN	5-21-2021
323	Dush_Admin	 Sam	 sam@gmail.com	1	BUSINESS_ADMIN	5-21-2021
323	Dush_Admin	 Sam	 sam@gmail.com	1	BUSINESS_ADMIN	5-21-2021
323	Dush_Admin	 Sam	 sam@gmail.com	1	BUSINESS_ADMIN	5-21-2021
323	Dush_Admin	 Sam	 sam@gmail.com	1	BUSINESS_ADMIN	5-21-2021
323	Dush_Admin	 Sam	 sam@gmail.com	1	BUSINESS_ADMIN	5-21-2021
323	Dush_Admin	 Sam	 sam@gmail.com	1	BUSINESS_ADMIN	5-21-2021
323	Dush_Admin	 Sam	 sam@gmail.com	1	BUSINESS_ADMIN	5-21-2021
323	Dush_Admin	 Sam	 sam@gmail.com	1	BUSINESS_ADMIN	5-21-2021
323	Dush_Admin	 Sam	 sam@gmail.com	1	BUSINESS_ADMIN	5-21-2021
323	Dush_Admin	 Sam	 sam@gmail.com	1	BUSINESS_ADMIN	5-21-2021
323	Dush_Admin	 Sam	 sam@gmail.com	1	BUSINESS_ADMIN	5-21-2021
323	Dush_Admin	 Sam	 sam@gmail.com	1	BUSINESS_ADMIN	5-21-2021
323	Dush_Admin	 Sam	 sam@gmail.com	1	BUSINESS_ADMIN	5-21-2021
323	Dush_Admin	 Sam	 sam@gmail.com	1	BUSINESS_ADMIN	5-21-2021
323	Dush_Admin	 Sam	 sam@gmail.com	1	BUSINESS_ADMIN	5-21-2021
323	Dush_Admin	 Sam	 sam@gmail.com	1	BUSINESS_ADMIN	5-21-2021
323	Dush_Admin	 Sam	 sam@gmail.com	1	BUSINESS_ADMIN	5-21-2021
323	Dush_Admin	 Sam	 sam@gmail.com	1	BUSINESS_ADMIN	5-21-2021
323	Dush_Admin	 Sam	 sam@gmail.com	1	BUSINESS_ADMIN	5-21-2021
323	Dush_Admin	 Sam	 sam@gmail.com	1	BUSINESS_ADMIN	5-21-2021
323	Dush_Admin	 Sam	 sam@gmail.com	1	BUSINESS_ADMIN	5-21-2021
323	Dush_Admin	 Sam	 sam@gmail.com	1	BUSINESS_ADMIN	5-21-2021
323	Dush_Admin	 Sam	 sam@gmail.com	1	BUSINESS_ADMIN	5-21-2021
323	Dush_Admin	 Sam	 sam@gmail.com	1	BUSINESS_ADMIN	5-21-2021
323	Dush_Admin	 Sam	 sam@gmail.com	1	BUSINESS_ADMIN	5-21-2021
323	Dush_Admin	 Sam	 sam@gmail.com	1	BUSINESS_ADMIN	5-21-2021
323	Dush_Admin	 Sam	 sam@gmail.com	1	BUSINESS_ADMIN	5-21-2021
323	Dush_Admin	 Sam	 sam@gmail.com	1	BUSINESS_ADMIN	5-21-2021
323	Dush_Admin	 Sam	 sam@gmail.com	1	BUSINESS_ADMIN	5-21-2021
323	Dush_Admin	 Sam	 sam@gmail.com	1	BUSINESS_ADMIN	5-21-2021
323	Dush_Admin	 Sam	 sam@gmail.com	1	BUSINESS_ADMIN	5-21-2021
323	Dush_Admin	 Sam	 sam@gmail.com	1	BUSINESS_ADMIN	5-21-2021
323	Dush_Admin	 Sam	 sam@gmail.com	1	BUSINESS_ADMIN	5-21-2021
323	Dush_Admin	 Sam	 sam@gmail.com	1	BUSINESS_ADMIN	5-21-2021
323	Dush_Admin	 Sam	 sam@gmail.com	1	BUSINESS_ADMIN	5-21-2021
323	Dush_Admin	 Sam	 sam@gmail.com	1	BUSINESS_ADMIN	5-21-2021
323	Dush_Admin	 Sam	 sam@gmail.com	1	BUSINESS_ADMIN	5-21-2021
323	Dush_Admin	 Sam	 sam@gmail.com	1	BUSINESS_ADMIN	5-21-2021
323	Dush_Admin	 Sam	 sam@gmail.com	1	BUSINESS_ADMIN	5-21-2021
323	Dush_Admin	 Sam	 sam@gmail.com	1	BUSINESS_ADMIN	5-21-2021
323	Dush_Admin	 Sam	 sam@gmail.com	1	BUSINESS_ADMIN	5-21-2021
323	Dush_Admin	 Sam	 sam@gmail.com	1	BUSINESS_ADMIN	5-21-2021
323	Dush_Admin	 Sam	 sam@gmail.com	1	BUSINESS_ADMIN	5-21-2021
323	Dush_Admin	 Sam	 sam@gmail.com	1	BUSINESS_ADMIN	5-21-2021
323	Dush_Admin	 Sam	 sam@gmail.com	1	BUSINESS_ADMIN	5-21-2021
323	Dush_Admin	 Sam	 sam@gmail.com	1	BUSINESS_ADMIN	5-21-2021
323	Dush_Admin	 Sam	 sam@gmail.com	1	BUSINESS_ADMIN	5-21-2021
323	Dush_Admin	 Sam	 sam@gmail.com	1	BUSINESS_ADMIN	5-21-2021
=======
>>>>>>> 106f3c3964deb8584d9c060f079275d88c703eda
323	Dush_Admin	 Sam	 sam@gmail.com	1	BUSINESS_ADMIN	5-21-2021
323	Dush_Admin	 Sam	 sam@gmail.com	1	BUSINESS_ADMIN	5-21-2021
323	Dush_Admin	 Sam	 sam@gmail.com	1	BUSINESS_ADMIN	5-21-2021
323	Dush_Admin	 Sam	 sam@gmail.com	1	BUSINESS_ADMIN	5-21-2021
323	Dush_Admin	 Sam	 sam@gmail.com	1	BUSINESS_ADMIN	5-21-2021
323	Dush_Admin	 Sam	 sam@gmail.com	1	BUSINESS_ADMIN	5-21-2021
323	Dush_Admin	 Sam	 sam@gmail.com	1	BUSINESS_ADMIN	5-21-2021
323	Dush_Admin	 Sam	 sam@gmail.com	1	BUSINESS_ADMIN	5-21-2021
323	Dush_Admin	 Sam	 sam@gmail.com	1	BUSINESS_ADMIN	5-21-2021
323	Dush_Admin	 Sam	 sam@gmail.com	1	BUSINESS_ADMIN	5-21-2021
323	Dush_Admin	 Sam	 sam@gmail.com	1	BUSINESS_ADMIN	5-21-2021
323	Dush_Admin	 Sam	 sam@gmail.com	1	BUSINESS_ADMIN	5-21-2021
323	Dush_Admin	 Sam	 sam@gmail.com	1	BUSINESS_ADMIN	5-21-2021
323	Dush_Admin	 Sam	 sam@gmail.com	1	BUSINESS_ADMIN	5-21-2021